paper_id,title,year,abstract
0,Research Paper 000: Graph Neural Networks and Recommendation Systems,2021,This paper studies graph neural networks with methods from recommendation systems.
1,Research Paper 001: Deep Learning and Data Mining,2023,This paper studies deep learning with methods from data mining.
2,Research Paper 002: Link Prediction and Graph Neural Networks,2025,This paper studies link prediction with methods from graph neural networks.
3,Research Paper 003: Knowledge Graphs and Recommendation Systems,2024,This paper studies knowledge graphs with methods from recommendation systems.
4,Research Paper 004: Natural Language Processing and Link Prediction,2021,This paper studies natural language processing with methods from link prediction.
5,Research Paper 005: Data Mining and Natural Language Processing,2025,This paper studies data mining with methods from natural language processing.
6,Research Paper 006: Knowledge Graphs and Recommendation Systems,2024,This paper studies knowledge graphs with methods from recommendation systems.
7,Research Paper 007: Network Science and Natural Language Processing,2019,This paper studies network science with methods from natural language processing.
8,Research Paper 008: Graph Neural Networks and Computer Vision,2018,This paper studies graph neural networks with methods from computer vision.
9,Research Paper 009: Deep Learning and Recommendation Systems,2023,This paper studies deep learning with methods from recommendation systems.
10,Research Paper 010: Link Prediction and Recommendation Systems,2020,This paper studies link prediction with methods from recommendation systems.
11,Research Paper 011: Network Science and Graph Neural Networks,2025,This paper studies network science with methods from graph neural networks.
12,Research Paper 012: Knowledge Graphs and Recommendation Systems,2019,This paper studies knowledge graphs with methods from recommendation systems.
13,Research Paper 013: Natural Language Processing and Data Mining,2018,This paper studies natural language processing with methods from data mining.
14,Research Paper 014: Natural Language Processing and Link Prediction,2023,This paper studies natural language processing with methods from link prediction.
15,Research Paper 015: Recommendation Systems and Deep Learning,2025,This paper studies recommendation systems with methods from deep learning.
16,Research Paper 016: Data Mining and Network Science,2020,This paper studies data mining with methods from network science.
17,Research Paper 017: Graph Neural Networks and Natural Language Processing,2019,This paper studies graph neural networks with methods from natural language processing.
18,Research Paper 018: Natural Language Processing and Link Prediction,2021,This paper studies natural language processing with methods from link prediction.
19,Research Paper 019: Machine Learning and Network Science,2023,This paper studies machine learning with methods from network science.
20,Research Paper 020: Natural Language Processing and Deep Learning,2024,This paper studies natural language processing with methods from deep learning.
21,Research Paper 021: Recommendation Systems and Computer Vision,2020,This paper studies recommendation systems with methods from computer vision.
22,Research Paper 022: Deep Learning and Knowledge Graphs,2024,This paper studies deep learning with methods from knowledge graphs.
23,Research Paper 023: Recommendation Systems and Data Mining,2020,This paper studies recommendation systems with methods from data mining.
24,Research Paper 024: Machine Learning and Knowledge Graphs,2019,This paper studies machine learning with methods from knowledge graphs.
25,Research Paper 025: Recommendation Systems and Link Prediction,2018,This paper studies recommendation systems with methods from link prediction.
26,Research Paper 026: Recommendation Systems and Network Science,2023,This paper studies recommendation systems with methods from network science.
27,Research Paper 027: Recommendation Systems and Natural Language Processing,2024,This paper studies recommendation systems with methods from natural language processing.
28,Research Paper 028: Computer Vision and Natural Language Processing,2022,This paper studies computer vision with methods from natural language processing.
29,Research Paper 029: Link Prediction and Graph Neural Networks,2018,This paper studies link prediction with methods from graph neural networks.
30,Research Paper 030: Data Mining and Knowledge Graphs,2021,This paper studies data mining with methods from knowledge graphs.
31,Research Paper 031: Computer Vision and Recommendation Systems,2024,This paper studies computer vision with methods from recommendation systems.
32,Research Paper 032: Computer Vision and Knowledge Graphs,2022,This paper studies computer vision with methods from knowledge graphs.
33,Research Paper 033: Graph Neural Networks and Computer Vision,2020,This paper studies graph neural networks with methods from computer vision.
34,Research Paper 034: Graph Neural Networks and Computer Vision,2021,This paper studies graph neural networks with methods from computer vision.
35,Research Paper 035: Machine Learning and Deep Learning,2021,This paper studies machine learning with methods from deep learning.
36,Research Paper 036: Network Science and Deep Learning,2019,This paper studies network science with methods from deep learning.
37,Research Paper 037: Recommendation Systems and Graph Neural Networks,2020,This paper studies recommendation systems with methods from graph neural networks.
38,Research Paper 038: Machine Learning and Deep Learning,2023,This paper studies machine learning with methods from deep learning.
39,Research Paper 039: Link Prediction and Computer Vision,2024,This paper studies link prediction with methods from computer vision.
40,Research Paper 040: Knowledge Graphs and Deep Learning,2021,This paper studies knowledge graphs with methods from deep learning.
41,Research Paper 041: Deep Learning and Data Mining,2019,This paper studies deep learning with methods from data mining.
42,Research Paper 042: Graph Neural Networks and Data Mining,2018,This paper studies graph neural networks with methods from data mining.
43,Research Paper 043: Knowledge Graphs and Recommendation Systems,2021,This paper studies knowledge graphs with methods from recommendation systems.
44,Research Paper 044: Knowledge Graphs and Link Prediction,2022,This paper studies knowledge graphs with methods from link prediction.
45,Research Paper 045: Link Prediction and Deep Learning,2023,This paper studies link prediction with methods from deep learning.
46,Research Paper 046: Network Science and Natural Language Processing,2021,This paper studies network science with methods from natural language processing.
47,Research Paper 047: Machine Learning and Data Mining,2023,This paper studies machine learning with methods from data mining.
48,Research Paper 048: Computer Vision and Data Mining,2018,This paper studies computer vision with methods from data mining.
49,Research Paper 049: Link Prediction and Data Mining,2025,This paper studies link prediction with methods from data mining.
50,Research Paper 050: Network Science and Data Mining,2023,This paper studies network science with methods from data mining.
51,Research Paper 051: Natural Language Processing and Machine Learning,2025,This paper studies natural language processing with methods from machine learning.
52,Research Paper 052: Recommendation Systems and Machine Learning,2023,This paper studies recommendation systems with methods from machine learning.
53,Research Paper 053: Recommendation Systems and Natural Language Processing,2020,This paper studies recommendation systems with methods from natural language processing.
54,Research Paper 054: Network Science and Graph Neural Networks,2025,This paper studies network science with methods from graph neural networks.
55,Research Paper 055: Link Prediction and Natural Language Processing,2019,This paper studies link prediction with methods from natural language processing.
56,Research Paper 056: Knowledge Graphs and Data Mining,2022,This paper studies knowledge graphs with methods from data mining.
57,Research Paper 057: Link Prediction and Natural Language Processing,2024,This paper studies link prediction with methods from natural language processing.
58,Research Paper 058: Recommendation Systems and Graph Neural Networks,2023,This paper studies recommendation systems with methods from graph neural networks.
59,Research Paper 059: Natural Language Processing and Computer Vision,2023,This paper studies natural language processing with methods from computer vision.
